name,link_id,osm_way_id,from_node_id,to_node_id,dir_flag,length,lanes,free_speed,capacity,link_type_name,link_type,geometry,allowed_uses,from_biway,is_link,VDF_fftt1,VDF_cap1
Lyngvej,0,3993570,0,1,1,279.48,,50,,residential,6,"LINESTRING (12.5161704 55.7787000, 12.5159497 55.7788879, 12.5158363 55.7790185, 12.5157674 55.7791579, 12.5157268 55.7793525, 12.5156980 55.7795074, 12.5156246 55.7796688, 12.5155341 55.7797735, 12.5154134 55.7798706, 12.5152798 55.7799681, 12.5151369 55.7800463, 12.5148826 55.7801370, 12.5146368 55.7802073, 12.5145740 55.7802220, 12.5144697 55.7802463, 12.5141045 55.7802926, 12.5136970 55.7803042, 12.5134514 55.7802897)",auto,1,0,,
Lyngvej,1,3993570,1,0,1,279.48,,50,,residential,6,"LINESTRING (12.5134514 55.7802897, 12.5136970 55.7803042, 12.5141045 55.7802926, 12.5144697 55.7802463, 12.5145740 55.7802220, 12.5146368 55.7802073, 12.5148826 55.7801370, 12.5151369 55.7800463, 12.5152798 55.7799681, 12.5154134 55.7798706, 12.5155341 55.7797735, 12.5156246 55.7796688, 12.5156980 55.7795074, 12.5157268 55.7793525, 12.5157674 55.7791579, 12.5158363 55.7790185, 12.5159497 55.7788879, 12.5161704 55.7787000)",auto,1,0,,
Lyngvej,2,3993570,1,2,1,145.74,,50,,residential,6,"LINESTRING (12.5134514 55.7802897, 12.5132817 55.7802731, 12.5130361 55.7802485, 12.5128099 55.7802174, 12.5127496 55.7802085, 12.5126055 55.7801871, 12.5124087 55.7801451, 12.5121812 55.7800967, 12.5119459 55.7800403, 12.5116656 55.7799521, 12.5112966 55.7798306)",auto,1,0,,
Lyngvej,3,3993570,2,1,1,145.74,,50,,residential,6,"LINESTRING (12.5112966 55.7798306, 12.5116656 55.7799521, 12.5119459 55.7800403, 12.5121812 55.7800967, 12.5124087 55.7801451, 12.5126055 55.7801871, 12.5127496 55.7802085, 12.5128099 55.7802174, 12.5130361 55.7802485, 12.5132817 55.7802731, 12.5134514 55.7802897)",auto,1,0,,
Lyngvej,4,3993570,2,3,1,154.72,,50,,residential,6,"LINESTRING (12.5112966 55.7798306, 12.5110524 55.7797149, 12.5108492 55.7796043, 12.5106778 55.7794975, 12.5102424 55.7792262, 12.5100650 55.7791119, 12.5099520 55.7790208, 12.5099305 55.7790034, 12.5098287 55.7789214, 12.5097990 55.7788892, 12.5097717 55.7788596, 12.5097000 55.7787820)",auto,1,0,,
Lyngvej,5,3993570,3,2,1,154.72,,50,,residential,6,"LINESTRING (12.5097000 55.7787820, 12.5097717 55.7788596, 12.5097990 55.7788892, 12.5098287 55.7789214, 12.5099305 55.7790034, 12.5099520 55.7790208, 12.5100650 55.7791119, 12.5102424 55.7792262, 12.5106778 55.7794975, 12.5108492 55.7796043, 12.5110524 55.7797149, 12.5112966 55.7798306)",auto,1,0,,
Lundtoftevej,6,4374464,4,5,1,18.88,1,50,,tertiary,5,"LINESTRING (12.5097000 55.7803303, 12.5097451 55.7803667, 12.5098724 55.7804693)",auto,1,0,,
Lundtoftevej,7,4374464,5,4,1,18.88,1,50,,tertiary,5,"LINESTRING (12.5098724 55.7804693, 12.5097451 55.7803667, 12.5097000 55.7803303)",auto,1,0,,
Lundtoftevej,8,4374464,5,6,1,116.91,1,50,,tertiary,5,"LINESTRING (12.5098724 55.7804693, 12.5101991 55.7807488, 12.5102548 55.7808114, 12.5103965 55.7809708, 12.5104355 55.7810318, 12.5104631 55.7810750, 12.5104829 55.7811060, 12.5105939 55.7812797, 12.5106696 55.7814121)",auto,1,0,,
Lundtoftevej,9,4374464,6,5,1,116.91,1,50,,tertiary,5,"LINESTRING (12.5106696 55.7814121, 12.5105939 55.7812797, 12.5104829 55.7811060, 12.5104631 55.7810750, 12.5104355 55.7810318, 12.5103965 55.7809708, 12.5102548 55.7808114, 12.5101991 55.7807488, 12.5098724 55.7804693)",auto,1,0,,
Lundtoftevej,10,4374464,6,7,1,264.58,1,50,,tertiary,5,"LINESTRING (12.5106696 55.7814121, 12.5110049 55.7821425, 12.5111425 55.7824422, 12.5112723 55.7827248, 12.5113900 55.7829102, 12.5116156 55.7832654, 12.5119563 55.7836693)",auto,1,0,,
Lundtoftevej,11,4374464,7,6,1,264.58,1,50,,tertiary,5,"LINESTRING (12.5119563 55.7836693, 12.5116156 55.7832654, 12.5113900 55.7829102, 12.5112723 55.7827248, 12.5111425 55.7824422, 12.5110049 55.7821425, 12.5106696 55.7814121)",auto,1,0,,
Lundtoftevej,12,4374464,7,8,1,211.14,1,50,,tertiary,5,"LINESTRING (12.5119563 55.7836693, 12.5122806 55.7839666, 12.5132662 55.7848701, 12.5134130 55.7850090, 12.5137090 55.7852890)",auto,1,0,,
Lundtoftevej,13,4374464,8,7,1,211.14,1,50,,tertiary,5,"LINESTRING (12.5137090 55.7852890, 12.5134130 55.7850090, 12.5132662 55.7848701, 12.5122806 55.7839666, 12.5119563 55.7836693)",auto,1,0,,
Lundtoftevej,14,4374464,8,9,1,2.8,1,50,,tertiary,5,"LINESTRING (12.5137090 55.7852890, 12.5137348 55.7853095)",auto,1,0,,
Lundtoftevej,15,4374464,9,8,1,2.8,1,50,,tertiary,5,"LINESTRING (12.5137348 55.7853095, 12.5137090 55.7852890)",auto,1,0,,
Gyrithe Lemches Vej,16,4374466,10,11,1,238.0,1,50,,tertiary,5,"LINESTRING (12.5134935 55.7864059, 12.5131709 55.7864112, 12.5125853 55.7864220, 12.5117834 55.7864339, 12.5117507 55.7864344, 12.5113901 55.7864404, 12.5104077 55.7864583, 12.5097000 55.7864689)",auto,1,0,,
Gyrithe Lemches Vej,17,4374466,11,10,1,238.0,1,50,,tertiary,5,"LINESTRING (12.5097000 55.7864689, 12.5104077 55.7864583, 12.5113901 55.7864404, 12.5117507 55.7864344, 12.5117834 55.7864339, 12.5125853 55.7864220, 12.5131709 55.7864112, 12.5134935 55.7864059)",auto,1,0,,
Lundtoftevej,18,11551219,12,13,1,30.98,1,50,,tertiary,5,"LINESTRING (12.5154017 55.7863543, 12.5154965 55.7863865, 12.5156451 55.7864043, 12.5156860 55.7864173, 12.5157208 55.7864320, 12.5157390 55.7864503, 12.5157511 55.7864704, 12.5157491 55.7864889, 12.5157440 55.7865074)",auto,0,0,,
Helsingørmotorvejen,19,23433402,14,15,1,469.94,3,110,,motorway,1,"LINESTRING (12.5267523 55.7813060, 12.5282985 55.7854377)",auto,0,0,,
Lundtoftevej,20,25441648,16,17,1,506.75,,30,,unclassified,11,"LINESTRING (12.5211324 55.7933660, 12.5217816 55.7933295, 12.5219680 55.7933190, 12.5225253 55.7932876, 12.5236396 55.7932248, 12.5248726 55.7931553, 12.5255946 55.7931146, 12.5267646 55.7930487, 12.5270240 55.7930341, 12.5274069 55.7930125, 12.5276849 55.7929969, 12.5285589 55.7929488, 12.5285932 55.7929423, 12.5286466 55.7929304, 12.5291692 55.7929013)",auto,1,0,,
Lundtoftevej,21,25441648,17,16,1,506.75,,30,,unclassified,11,"LINESTRING (12.5291692 55.7929013, 12.5286466 55.7929304, 12.5285932 55.7929423, 12.5285589 55.7929488, 12.5276849 55.7929969, 12.5274069 55.7930125, 12.5270240 55.7930341, 12.5267646 55.7930487, 12.5255946 55.7931146, 12.5248726 55.7931553, 12.5236396 55.7932248, 12.5225253 55.7932876, 12.5219680 55.7933190, 12.5217816 55.7933295, 12.5211324 55.7933660)",auto,1,0,,
Poppelhegnet,22,25446124,2,18,1,150.88,,50,,residential,6,"LINESTRING (12.5112966 55.7798306, 12.5116034 55.7796977, 12.5118245 55.7795682, 12.5119415 55.7794713, 12.5121550 55.7792516, 12.5122274 55.7791572, 12.5123359 55.7790157, 12.5124971 55.7787627, 12.5125231 55.7787000)",auto,1,0,,
Poppelhegnet,23,25446124,18,2,1,150.88,,50,,residential,6,"LINESTRING (12.5125231 55.7787000, 12.5124971 55.7787627, 12.5123359 55.7790157, 12.5122274 55.7791572, 12.5121550 55.7792516, 12.5119415 55.7794713, 12.5118245 55.7795682, 12.5116034 55.7796977, 12.5112966 55.7798306)",auto,1,0,,
Granåsen,24,25494359,19,20,1,42.67,,,,residential,6,"LINESTRING (12.5168873 55.7889226, 12.5171667 55.7888211, 12.5173294 55.7887514, 12.5174437 55.7887024)",auto,0,0,,
Kulsviertoften,25,25494400,21,22,1,103.1,,,,residential,6,"LINESTRING (12.5125734 55.7924547, 12.5128348 55.7924688, 12.5129552 55.7924635, 12.5131093 55.7924408, 12.5132566 55.7924064, 12.5141271 55.7922033)",auto,1,0,,
Kulsviertoften,26,25494400,22,21,1,103.1,,,,residential,6,"LINESTRING (12.5141271 55.7922033, 12.5132566 55.7924064, 12.5131093 55.7924408, 12.5129552 55.7924635, 12.5128348 55.7924688, 12.5125734 55.7924547)",auto,1,0,,
Kulsviertoften,27,25494400,22,19,1,451.58,,,,residential,6,"LINESTRING (12.5141271 55.7922033, 12.5151042 55.7919538, 12.5156515 55.7918141, 12.5158258 55.7917266, 12.5159860 55.7915967, 12.5170973 55.7898543, 12.5171151 55.7898264, 12.5171600 55.7897561, 12.5172035 55.7896283, 12.5172113 55.7894944, 12.5171833 55.7893553, 12.5171070 55.7891986, 12.5168873 55.7889226)",auto,1,0,,
Kulsviertoften,28,25494400,19,22,1,451.58,,,,residential,6,"LINESTRING (12.5168873 55.7889226, 12.5171070 55.7891986, 12.5171833 55.7893553, 12.5172113 55.7894944, 12.5172035 55.7896283, 12.5171600 55.7897561, 12.5171151 55.7898264, 12.5170973 55.7898543, 12.5159860 55.7915967, 12.5158258 55.7917266, 12.5156515 55.7918141, 12.5151042 55.7919538, 12.5141271 55.7922033)",auto,1,0,,
Kulsviervænget,29,25494429,23,24,1,96.69,,,,residential,6,"LINESTRING (12.5151393 55.7893682, 12.5152549 55.7895579, 12.5152845 55.7896603, 12.5152845 55.7899333, 12.5152845 55.7901150, 12.5152845 55.7902248)",auto,1,0,,
Kulsviervænget,30,25494429,24,23,1,96.69,,,,residential,6,"LINESTRING (12.5152845 55.7902248, 12.5152845 55.7901150, 12.5152845 55.7899333, 12.5152845 55.7896603, 12.5152549 55.7895579, 12.5151393 55.7893682)",auto,1,0,,
Kulsviervænget,31,25494429,24,22,1,263.47,,,,residential,6,"LINESTRING (12.5152845 55.7902248, 12.5152862 55.7902953, 12.5153000 55.7908524, 12.5152533 55.7909469, 12.5151693 55.7910222, 12.5150587 55.7910843, 12.5142710 55.7912926, 12.5141418 55.7913547, 12.5140856 55.7914019, 12.5140624 55.7914213, 12.5140297 55.7915035, 12.5139893 55.7919630, 12.5140095 55.7920418, 12.5141271 55.7922033)",auto,1,0,,
Kulsviervænget,32,25494429,22,24,1,263.47,,,,residential,6,"LINESTRING (12.5141271 55.7922033, 12.5140095 55.7920418, 12.5139893 55.7919630, 12.5140297 55.7915035, 12.5140624 55.7914213, 12.5140856 55.7914019, 12.5141418 55.7913547, 12.5142710 55.7912926, 12.5150587 55.7910843, 12.5151693 55.7910222, 12.5152533 55.7909469, 12.5153000 55.7908524, 12.5152862 55.7902953, 12.5152845 55.7902248)",auto,1,0,,
Kulsviervænget,33,25494440,24,25,1,90.98,,,,residential,6,"LINESTRING (12.5152845 55.7902248, 12.5151604 55.7902409, 12.5139152 55.7904936)",auto,1,0,,
Kulsviervænget,34,25494440,25,24,1,90.98,,,,residential,6,"LINESTRING (12.5139152 55.7904936, 12.5151604 55.7902409, 12.5152845 55.7902248)",auto,1,0,,
Kulsviervænget,35,25494440,25,26,1,14.87,,,,residential,6,"LINESTRING (12.5139152 55.7904936, 12.5136921 55.7905389)",auto,1,0,,
Kulsviervænget,36,25494440,26,25,1,14.87,,,,residential,6,"LINESTRING (12.5136921 55.7905389, 12.5139152 55.7904936)",auto,1,0,,
Danmarksvej,37,25494474,27,28,1,293.51,,,,residential,6,"LINESTRING (12.5184989 55.7898151, 12.5182810 55.7899428, 12.5173345 55.7913992, 12.5173298 55.7915287, 12.5175338 55.7922998)",auto,1,0,,
Danmarksvej,38,25494474,28,27,1,293.51,,,,residential,6,"LINESTRING (12.5175338 55.7922998, 12.5173298 55.7915287, 12.5173345 55.7913992, 12.5182810 55.7899428, 12.5184989 55.7898151)",auto,1,0,,
Danmarksvej,39,25494474,28,29,1,146.32,,,,residential,6,"LINESTRING (12.5175338 55.7922998, 12.5177033 55.7929372, 12.5178141 55.7933535, 12.5178797 55.7936000)",auto,1,0,,
Danmarksvej,40,25494474,29,28,1,146.32,,,,residential,6,"LINESTRING (12.5178797 55.7936000, 12.5178141 55.7933535, 12.5177033 55.7929372, 12.5175338 55.7922998)",auto,1,0,,
Finlandsvej,41,25494515,28,30,1,335.4,,,,residential,6,"LINESTRING (12.5175338 55.7922998, 12.5173106 55.7923317, 12.5168662 55.7924441, 12.5164324 55.7925538, 12.5160951 55.7926392, 12.5159265 55.7926818, 12.5155625 55.7927739, 12.5152668 55.7928487, 12.5151991 55.7928658, 12.5149843 55.7929202, 12.5146323 55.7930092, 12.5145473 55.7930307, 12.5141699 55.7931262, 12.5141051 55.7931426, 12.5137885 55.7932227, 12.5134444 55.7933097, 12.5133732 55.7933277, 12.5126408 55.7935130)",auto,1,0,,
Finlandsvej,42,25494515,30,28,1,335.4,,,,residential,6,"LINESTRING (12.5126408 55.7935130, 12.5133732 55.7933277, 12.5134444 55.7933097, 12.5137885 55.7932227, 12.5141051 55.7931426, 12.5141699 55.7931262, 12.5145473 55.7930307, 12.5146323 55.7930092, 12.5149843 55.7929202, 12.5151991 55.7928658, 12.5152668 55.7928487, 12.5155625 55.7927739, 12.5159265 55.7926818, 12.5160951 55.7926392, 12.5164324 55.7925538, 12.5168662 55.7924441, 12.5173106 55.7923317, 12.5175338 55.7922998)",auto,1,0,,
Lundtofte Kirkevej,43,25494555,31,32,1,114.24,,30,,residential,6,"LINESTRING (12.5193859 55.7936000, 12.5194368 55.7935678, 12.5196391 55.7934671, 12.5200501 55.7932982, 12.5209266 55.7930684)",auto,1,0,,
Lundtofte Kirkevej,44,25494555,32,31,1,114.24,,30,,residential,6,"LINESTRING (12.5209266 55.7930684, 12.5200501 55.7932982, 12.5196391 55.7934671, 12.5194368 55.7935678, 12.5193859 55.7936000)",auto,1,0,,
Diplomvej,45,25544997,33,34,1,153.21,,,,residential,6,"LINESTRING (12.5122589 55.7811443, 12.5123404 55.7812932, 12.5124851 55.7815578, 12.5125205 55.7816225, 12.5128591 55.7822414, 12.5129786 55.7824598)",auto,1,0,,
Diplomvej,46,25544997,34,33,1,153.21,,,,residential,6,"LINESTRING (12.5129786 55.7824598, 12.5128591 55.7822414, 12.5125205 55.7816225, 12.5124851 55.7815578, 12.5123404 55.7812932, 12.5122589 55.7811443)",auto,1,0,,
Diplomvej,47,25544997,34,35,1,137.53,,,,residential,6,"LINESTRING (12.5129786 55.7824598, 12.5132574 55.7829416, 12.5139052 55.7829397, 12.5140797 55.7832901)",auto,1,0,,
Diplomvej,48,25544997,35,34,1,137.53,,,,residential,6,"LINESTRING (12.5140797 55.7832901, 12.5139052 55.7829397, 12.5132574 55.7829416, 12.5129786 55.7824598)",auto,1,0,,
Diplomvej,49,25545027,34,36,1,51.33,,,,residential,6,"LINESTRING (12.5129786 55.7824598, 12.5131299 55.7824263, 12.5136519 55.7822026)",auto,1,0,,
Diplomvej,50,25545027,36,34,1,51.33,,,,residential,6,"LINESTRING (12.5136519 55.7822026, 12.5131299 55.7824263, 12.5129786 55.7824598)",auto,1,0,,
Granparken,51,25584902,37,38,1,5.47,,,,residential,6,"LINESTRING (12.5097858 55.7904695, 12.5097000 55.7904781)",auto,1,0,,
Granparken,52,25584902,38,37,1,5.47,,,,residential,6,"LINESTRING (12.5097000 55.7904781, 12.5097858 55.7904695)",auto,1,0,,
Granparken,53,25584903,39,40,1,3.73,,,,residential,6,"LINESTRING (12.5097595 55.7908554, 12.5097000 55.7908573)",auto,1,0,,
Granparken,54,25584903,40,39,1,3.73,,,,residential,6,"LINESTRING (12.5097000 55.7908573, 12.5097595 55.7908554)",auto,1,0,,
Granparken,55,25584904,41,42,1,2.18,,,,residential,6,"LINESTRING (12.5097346 55.7912195, 12.5097000 55.7912214)",auto,1,0,,
Granparken,56,25584904,42,41,1,2.18,,,,residential,6,"LINESTRING (12.5097000 55.7912214, 12.5097346 55.7912195)",auto,1,0,,
Granparken,57,25584905,43,44,1,0.6,,,,residential,6,"LINESTRING (12.5097096 55.7915856, 12.5097000 55.7915864)",auto,1,0,,
Granparken,58,25584905,44,43,1,0.6,,,,residential,6,"LINESTRING (12.5097000 55.7915864, 12.5097096 55.7915856)",auto,1,0,,
Granparken,59,25584907,45,37,1,43.73,,,,residential,6,"LINESTRING (12.5097807 55.7900775, 12.5098044 55.7901974, 12.5097858 55.7904695)",auto,1,0,,
Granparken,60,25584907,37,45,1,43.73,,,,residential,6,"LINESTRING (12.5097858 55.7904695, 12.5098044 55.7901974, 12.5097807 55.7900775)",auto,1,0,,
Granparken,61,25584907,37,39,1,42.98,,,,residential,6,"LINESTRING (12.5097858 55.7904695, 12.5097595 55.7908554)",auto,1,0,,
Granparken,62,25584907,39,37,1,42.98,,,,residential,6,"LINESTRING (12.5097595 55.7908554, 12.5097858 55.7904695)",auto,1,0,,
Granparken,63,25584907,39,41,1,40.55,,,,residential,6,"LINESTRING (12.5097595 55.7908554, 12.5097346 55.7912195)",auto,1,0,,
Granparken,64,25584907,41,39,1,40.55,,,,residential,6,"LINESTRING (12.5097346 55.7912195, 12.5097595 55.7908554)",auto,1,0,,
Granparken,65,25584907,41,43,1,40.77,,,,residential,6,"LINESTRING (12.5097346 55.7912195, 12.5097096 55.7915856)",auto,1,0,,
Granparken,66,25584907,43,41,1,40.77,,,,residential,6,"LINESTRING (12.5097096 55.7915856, 12.5097346 55.7912195)",auto,1,0,,
Granparken,67,25584907,43,46,1,15.69,,,,residential,6,"LINESTRING (12.5097096 55.7915856, 12.5097000 55.7917265)",auto,1,0,,
Granparken,68,25584907,46,43,1,15.69,,,,residential,6,"LINESTRING (12.5097000 55.7917265, 12.5097096 55.7915856)",auto,1,0,,
Fysikvej,69,25740233,8,47,1,216.4,,,,residential,6,"LINESTRING (12.5137090 55.7852890, 12.5138918 55.7852725, 12.5142028 55.7852062, 12.5144419 55.7851637, 12.5148224 55.7850960, 12.5151458 55.7850385, 12.5158309 55.7849167, 12.5159928 55.7848879, 12.5160260 55.7848820, 12.5160925 55.7848702, 12.5166480 55.7847714, 12.5166640 55.7847994, 12.5167440 55.7849395, 12.5167610 55.7849693)",auto,1,0,,
Fysikvej,70,25740233,47,8,1,216.4,,,,residential,6,"LINESTRING (12.5167610 55.7849693, 12.5167440 55.7849395, 12.5166640 55.7847994, 12.5166480 55.7847714, 12.5160925 55.7848702, 12.5160260 55.7848820, 12.5159928 55.7848879, 12.5158309 55.7849167, 12.5151458 55.7850385, 12.5148224 55.7850960, 12.5144419 55.7851637, 12.5142028 55.7852062, 12.5138918 55.7852725, 12.5137090 55.7852890)",auto,1,0,,
Centrifugevej,71,25740264,48,49,1,229.14,,,,residential,6,"LINESTRING (12.5136703 55.7811335, 12.5136695 55.7812438, 12.5137729 55.7814615, 12.5141679 55.7821434, 12.5143595 55.7824742, 12.5150829 55.7829395, 12.5151289 55.7829691)",auto,1,0,,
Centrifugevej,72,25740264,49,48,1,229.14,,,,residential,6,"LINESTRING (12.5151289 55.7829691, 12.5150829 55.7829395, 12.5143595 55.7824742, 12.5141679 55.7821434, 12.5137729 55.7814615, 12.5136695 55.7812438, 12.5136703 55.7811335)",auto,1,0,,
Rævehøjvej,73,25927437,50,51,1,70.47,1,50,,unclassified,11,"LINESTRING (12.5294022 55.7876825, 12.5282787 55.7876950)",auto,0,0,,
Rævehøjvej,74,25927438,51,52,1,53.75,1,50,,unclassified,11,"LINESTRING (12.5282787 55.7876950, 12.5279009 55.7876961, 12.5274249 55.7877278)",auto,0,0,,
Bøgeparken,75,26492391,53,54,1,83.65,,,,residential,6,"LINESTRING (12.5133047 55.7892994, 12.5134448 55.7894543, 12.5135258 55.7894604, 12.5143851 55.7892407)",auto,1,0,,
Bøgeparken,76,26492391,54,53,1,83.65,,,,residential,6,"LINESTRING (12.5143851 55.7892407, 12.5135258 55.7894604, 12.5134448 55.7894543, 12.5133047 55.7892994)",auto,1,0,,
Bøgeparken,77,26492391,54,55,1,74.51,,,,residential,6,"LINESTRING (12.5143851 55.7892407, 12.5144831 55.7892639, 12.5154872 55.7890368)",auto,1,0,,
Bøgeparken,78,26492391,55,54,1,74.51,,,,residential,6,"LINESTRING (12.5154872 55.7890368, 12.5144831 55.7892639, 12.5143851 55.7892407)",auto,1,0,,
Bøgeparken,79,26492391,55,56,1,165.05,,,,residential,6,"LINESTRING (12.5154872 55.7890368, 12.5159538 55.7889150, 12.5164074 55.7887967, 12.5164384 55.7887886, 12.5166439 55.7885120, 12.5162492 55.7880762, 12.5161659 55.7879842)",auto,1,0,,
Bøgeparken,80,26492391,56,55,1,165.05,,,,residential,6,"LINESTRING (12.5161659 55.7879842, 12.5162492 55.7880762, 12.5166439 55.7885120, 12.5164384 55.7887886, 12.5164074 55.7887967, 12.5159538 55.7889150, 12.5154872 55.7890368)",auto,1,0,,
Bøgeparken,81,26492391,56,57,1,73.04,,,,residential,6,"LINESTRING (12.5161659 55.7879842, 12.5160673 55.7879340, 12.5156604 55.7875077, 12.5155785 55.7874220)",auto,1,0,,
Bøgeparken,82,26492391,57,56,1,73.04,,,,residential,6,"LINESTRING (12.5155785 55.7874220, 12.5156604 55.7875077, 12.5160673 55.7879340, 12.5161659 55.7879842)",auto,1,0,,
Bøgeparken,83,26492391,57,58,1,64.07,,,,residential,6,"LINESTRING (12.5155785 55.7874220, 12.5154882 55.7873729, 12.5153288 55.7871747, 12.5151183 55.7869129)",auto,1,0,,
Bøgeparken,84,26492391,58,57,1,64.07,,,,residential,6,"LINESTRING (12.5151183 55.7869129, 12.5153288 55.7871747, 12.5154882 55.7873729, 12.5155785 55.7874220)",auto,1,0,,
Bøgeparken,85,26492396,59,56,1,93.11,,,,residential,6,"LINESTRING (12.5147959 55.7880818, 12.5153016 55.7881810, 12.5153626 55.7881930, 12.5160111 55.7880244, 12.5161659 55.7879842)",auto,1,0,,
Bøgeparken,86,26492396,56,59,1,93.11,,,,residential,6,"LINESTRING (12.5161659 55.7879842, 12.5160111 55.7880244, 12.5153626 55.7881930, 12.5153016 55.7881810, 12.5147959 55.7880818)",auto,1,0,,
Bøgeparken,87,26492396,56,60,1,27.42,,,,residential,6,"LINESTRING (12.5161659 55.7879842, 12.5165630 55.7878811)",auto,1,0,,
Bøgeparken,88,26492396,60,56,1,27.42,,,,residential,6,"LINESTRING (12.5165630 55.7878811, 12.5161659 55.7879842)",auto,1,0,,
Bøgeparken,89,26492401,61,57,1,71.07,,,,residential,6,"LINESTRING (12.5145371 55.7875261, 12.5148858 55.7875996, 12.5152836 55.7874976, 12.5155785 55.7874220)",auto,1,0,,
Bøgeparken,90,26492401,57,61,1,71.07,,,,residential,6,"LINESTRING (12.5155785 55.7874220, 12.5152836 55.7874976, 12.5148858 55.7875996, 12.5145371 55.7875261)",auto,1,0,,
Bøgeparken,91,26492401,57,62,1,26.13,,,,residential,6,"LINESTRING (12.5155785 55.7874220, 12.5159433 55.7873085)",auto,1,0,,
Bøgeparken,92,26492401,62,57,1,26.13,,,,residential,6,"LINESTRING (12.5159433 55.7873085, 12.5155785 55.7874220)",auto,1,0,,
Kulsvierparken,93,26492438,63,64,1,91.25,,,,residential,6,"LINESTRING (12.5111358 55.7927471, 12.5123841 55.7926016, 12.5125646 55.7926008)",auto,1,0,,
Kulsvierparken,94,26492438,64,63,1,91.25,,,,residential,6,"LINESTRING (12.5125646 55.7926008, 12.5123841 55.7926016, 12.5111358 55.7927471)",auto,1,0,,
Kulsvierparken,95,26492439,65,66,1,95.23,,,,residential,6,"LINESTRING (12.5111474 55.7923407, 12.5123814 55.7920907, 12.5125888 55.7920896)",auto,1,0,,
Kulsvierparken,96,26492439,66,65,1,95.23,,,,residential,6,"LINESTRING (12.5125888 55.7920896, 12.5123814 55.7920907, 12.5111474 55.7923407)",auto,1,0,,
Kulsvierparken,97,26492443,67,68,1,97.87,,,,residential,6,"LINESTRING (12.5111287 55.7919583, 12.5123908 55.7917070, 12.5126130 55.7917096)",auto,1,0,,
Kulsvierparken,98,26492443,68,67,1,97.87,,,,residential,6,"LINESTRING (12.5126130 55.7917096, 12.5123908 55.7917070, 12.5111287 55.7919583)",auto,1,0,,
Kulsvierparken,99,26492445,69,70,1,96.57,,,,residential,6,"LINESTRING (12.5111828 55.7915731, 12.5124095 55.7913227, 12.5126447 55.7913182)",auto,1,0,,
Kulsvierparken,100,26492445,70,69,1,96.57,,,,residential,6,"LINESTRING (12.5126447 55.7913182, 12.5124095 55.7913227, 12.5111828 55.7915731)",auto,1,0,,
Kulsvierparken,101,26492447,71,72,1,94.74,,,,residential,6,"LINESTRING (12.5112295 55.7911844, 12.5124395 55.7909426, 12.5126665 55.7909410)",auto,1,0,,
Kulsvierparken,102,26492447,72,71,1,94.74,,,,residential,6,"LINESTRING (12.5126665 55.7909410, 12.5124395 55.7909426, 12.5112295 55.7911844)",auto,1,0,,
Kulsvierparken,103,26492449,73,74,1,94.82,,,,residential,6,"LINESTRING (12.5112658 55.7908022, 12.5124578 55.7905593, 12.5127023 55.7905550)",auto,1,0,,
Kulsvierparken,104,26492449,74,73,1,94.82,,,,residential,6,"LINESTRING (12.5127023 55.7905550, 12.5124578 55.7905593, 12.5112658 55.7908022)",auto,1,0,,
Kulsvierparken,105,26492452,75,76,1,96.06,,,,residential,6,"LINESTRING (12.5112811 55.7904197, 12.5124986 55.7901703, 12.5127350 55.7901716)",auto,1,0,,
Kulsvierparken,106,26492452,76,75,1,96.06,,,,residential,6,"LINESTRING (12.5127350 55.7901716, 12.5124986 55.7901703, 12.5112811 55.7904197)",auto,1,0,,
Nordvej,107,30102409,77,78,1,235.62,,,,unclassified,11,"LINESTRING (12.5283936 55.7902888, 12.5279278 55.7903693, 12.5278601 55.7903815, 12.5277245 55.7904051, 12.5273317 55.7904733, 12.5268511 55.7905568, 12.5257371 55.7907504, 12.5248028 55.7909127)",auto,1,0,,
Nordvej,108,30102409,78,77,1,235.62,,,,unclassified,11,"LINESTRING (12.5248028 55.7909127, 12.5257371 55.7907504, 12.5268511 55.7905568, 12.5273317 55.7904733, 12.5277245 55.7904051, 12.5278601 55.7903815, 12.5279278 55.7903693, 12.5283936 55.7902888)",auto,1,0,,
Nordvej,109,30102409,78,79,1,52.96,,,,unclassified,11,"LINESTRING (12.5248028 55.7909127, 12.5239957 55.7910529)",auto,1,0,,
Nordvej,110,30102409,79,78,1,52.96,,,,unclassified,11,"LINESTRING (12.5239957 55.7910529, 12.5248028 55.7909127)",auto,1,0,,
Nordvej,111,30102409,79,80,1,149.27,,,,unclassified,11,"LINESTRING (12.5239957 55.7910529, 12.5238004 55.7910868, 12.5229674 55.7912316, 12.5223248 55.7913476, 12.5217252 55.7914559)",auto,1,0,,
Nordvej,112,30102409,80,79,1,149.27,,,,unclassified,11,"LINESTRING (12.5217252 55.7914559, 12.5223248 55.7913476, 12.5229674 55.7912316, 12.5238004 55.7910868, 12.5239957 55.7910529)",auto,1,0,,
Nordvej,113,30102409,80,81,1,8.92,,,,unclassified,11,"LINESTRING (12.5217252 55.7914559, 12.5216566 55.7914683, 12.5215897 55.7914804)",auto,1,0,,
Nordvej,114,30102409,81,80,1,8.92,,,,unclassified,11,"LINESTRING (12.5215897 55.7914804, 12.5216566 55.7914683, 12.5217252 55.7914559)",auto,1,0,,
Akustikvej,115,30104102,82,83,1,138.68,,,,residential,6,"LINESTRING (12.5160907 55.7820761, 12.5159485 55.7818093, 12.5154544 55.7808827)",auto,1,0,,
Akustikvej,116,30104102,83,82,1,138.68,,,,residential,6,"LINESTRING (12.5154544 55.7808827, 12.5159485 55.7818093, 12.5160907 55.7820761)",auto,1,0,,
Kollegiebakken,117,30116390,84,85,1,610.79,,50,,unclassified,11,"LINESTRING (12.5246363 55.7851798, 12.5245917 55.7850991, 12.5242386 55.7844604, 12.5242078 55.7844046, 12.5241664 55.7843297, 12.5240461 55.7841044, 12.5239199 55.7838838, 12.5236734 55.7834380, 12.5234247 55.7829892, 12.5229020 55.7820425, 12.5228382 55.7819270, 12.5226211 55.7815342, 12.5225344 55.7813774, 12.5220180 55.7804431, 12.5219090 55.7802460, 12.5218784 55.7801906, 12.5217563 55.7799601, 12.5217452 55.7799391)",auto,1,0,,
Kollegiebakken,118,30116390,85,84,1,610.79,,50,,unclassified,11,"LINESTRING (12.5217452 55.7799391, 12.5217563 55.7799601, 12.5218784 55.7801906, 12.5219090 55.7802460, 12.5220180 55.7804431, 12.5225344 55.7813774, 12.5226211 55.7815342, 12.5228382 55.7819270, 12.5229020 55.7820425, 12.5234247 55.7829892, 12.5236734 55.7834380, 12.5239199 55.7838838, 12.5240461 55.7841044, 12.5241664 55.7843297, 12.5242078 55.7844046, 12.5242386 55.7844604, 12.5245917 55.7850991, 12.5246363 55.7851798)",auto,1,0,,
Akademivej,119,30116400,86,87,1,81.94,,50,,residential,6,"LINESTRING (12.5204994 55.7787000, 12.5205146 55.7789293, 12.5205207 55.7789710, 12.5205356 55.7790293, 12.5205685 55.7790804, 12.5207153 55.7791371, 12.5208580 55.7791472, 12.5211115 55.7791625, 12.5211458 55.7791809)",auto,1,0,,
Akademivej,120,30116400,87,86,1,81.94,,50,,residential,6,"LINESTRING (12.5211458 55.7791809, 12.5211115 55.7791625, 12.5208580 55.7791472, 12.5207153 55.7791371, 12.5205685 55.7790804, 12.5205356 55.7790293, 12.5205207 55.7789710, 12.5205146 55.7789293, 12.5204994 55.7787000)",auto,1,0,,
Lundtoftegårdsvej,121,30116502,88,89,1,169.4,1,60,,tertiary,5,"LINESTRING (12.5245608 55.7801415, 12.5244328 55.7798127, 12.5244041 55.7797401, 12.5243496 55.7796238, 12.5241825 55.7793618, 12.5239990 55.7790610, 12.5239146 55.7789529, 12.5237173 55.7787000)",auto,1,0,,
Lundtoftegårdsvej,122,30116502,89,88,1,169.4,1,60,,tertiary,5,"LINESTRING (12.5237173 55.7787000, 12.5239146 55.7789529, 12.5239990 55.7790610, 12.5241825 55.7793618, 12.5243496 55.7796238, 12.5244041 55.7797401, 12.5244328 55.7798127, 12.5245608 55.7801415)",auto,1,0,,
Kolonnevej,123,30117685,90,91,1,399.04,,,,unclassified,11,"LINESTRING (12.5228857 55.7890397, 12.5216844 55.7892548, 12.5213644 55.7893121, 12.5212510 55.7893324, 12.5208634 55.7894018, 12.5204914 55.7894684, 12.5195647 55.7896343, 12.5194825 55.7896427, 12.5194152 55.7896318, 12.5193703 55.7895948, 12.5187980 55.7885929, 12.5191149 55.7885370, 12.5194477 55.7884793, 12.5195410 55.7884632)",auto,1,0,,
Kolonnevej,124,30117685,91,90,1,399.04,,,,unclassified,11,"LINESTRING (12.5195410 55.7884632, 12.5194477 55.7884793, 12.5191149 55.7885370, 12.5187980 55.7885929, 12.5193703 55.7895948, 12.5194152 55.7896318, 12.5194825 55.7896427, 12.5195647 55.7896343, 12.5204914 55.7894684, 12.5208634 55.7894018, 12.5212510 55.7893324, 12.5213644 55.7893121, 12.5216844 55.7892548, 12.5228857 55.7890397)",auto,1,0,,
Akademivej,125,30134969,88,85,1,186.56,,50,,unclassified,11,"LINESTRING (12.5245608 55.7801415, 12.5243798 55.7801586, 12.5243468 55.7801624, 12.5242326 55.7801594, 12.5241038 55.7801432, 12.5239619 55.7801121, 12.5236883 55.7800398, 12.5227717 55.7798221, 12.5226315 55.7798088, 12.5225031 55.7798124, 12.5223648 55.7798290, 12.5220641 55.7798824, 12.5217452 55.7799391)",auto,1,0,,
Akademivej,126,30134969,85,88,1,186.56,,50,,unclassified,11,"LINESTRING (12.5217452 55.7799391, 12.5220641 55.7798824, 12.5223648 55.7798290, 12.5225031 55.7798124, 12.5226315 55.7798088, 12.5227717 55.7798221, 12.5236883 55.7800398, 12.5239619 55.7801121, 12.5241038 55.7801432, 12.5242326 55.7801594, 12.5243468 55.7801624, 12.5243798 55.7801586, 12.5245608 55.7801415)",auto,1,0,,
Lystoftevej,127,48876189,92,30,1,20.75,1,50,,tertiary,5,"LINESTRING (12.5123482 55.7936000, 12.5126408 55.7935130)",auto,1,0,,
Lystoftevej,128,48876189,30,92,1,20.75,1,50,,tertiary,5,"LINESTRING (12.5126408 55.7935130, 12.5123482 55.7936000)",auto,1,0,,
Kulsviervej,129,48876195,30,93,1,9.75,,,,tertiary,5,"LINESTRING (12.5126408 55.7935130, 12.5126590 55.7936000)",auto,1,0,,
Kulsviervej,130,48876195,93,30,1,9.75,,,,tertiary,5,"LINESTRING (12.5126590 55.7936000, 12.5126408 55.7935130)",auto,1,0,,
Rævehøjvej,131,48876197,94,50,1,93.97,,50,,unclassified,11,"LINESTRING (12.5309000 55.7876640, 12.5307682 55.7876712, 12.5297999 55.7876792, 12.5294022 55.7876825)",auto,0,0,,
,132,48942294,95,14,1,295.93,,110,,motorway,1,"LINESTRING (12.5258742 55.7787000, 12.5267661 55.7810635, 12.5267523 55.7813060)",auto,0,1,,
Helsingørmotorvejen,133,48942361,96,97,1,481.57,3,110,,motorway,1,"LINESTRING (12.5271108 55.7829322, 12.5264895 55.7812596, 12.5255123 55.7787000)",auto,0,0,,
Helsingørmotorvejen,134,48942362,15,98,1,616.24,3,110,,motorway,1,"LINESTRING (12.5282985 55.7854377, 12.5284216 55.7857606, 12.5291035 55.7876157, 12.5303547 55.7908521)",auto,0,0,,
Helsingørmotorvejen,135,48942363,98,99,1,53.59,3,110,,motorway,1,"LINESTRING (12.5303547 55.7908521, 12.5305348 55.7913228)",auto,0,0,,
Helsingørmotorvejen,136,48942364,100,96,1,692.68,3,110,,motorway,1,"LINESTRING (12.5293929 55.7890218, 12.5271108 55.7829322)",auto,0,0,,
Anker Engelunds Vej,137,48963784,101,84,1,179.93,1,50,,tertiary,5,"LINESTRING (12.5218973 55.7856612, 12.5230719 55.7854531, 12.5245128 55.7852014, 12.5246363 55.7851798)",auto,1,0,,
Anker Engelunds Vej,138,48963784,84,101,1,179.93,1,50,,tertiary,5,"LINESTRING (12.5246363 55.7851798, 12.5245128 55.7852014, 12.5230719 55.7854531, 12.5218973 55.7856612)",auto,1,0,,
Anker Engelunds Vej,139,48963784,84,102,1,111.06,1,50,,tertiary,5,"LINESTRING (12.5246363 55.7851798, 12.5254967 55.7850296, 12.5258974 55.7849628, 12.5263278 55.7848845)",auto,1,0,,
Anker Engelunds Vej,140,48963784,102,84,1,111.06,1,50,,tertiary,5,"LINESTRING (12.5263278 55.7848845, 12.5258974 55.7849628, 12.5254967 55.7850296, 12.5246363 55.7851798)",auto,1,0,,
Anker Engelunds Vej,141,48963785,103,104,1,251.03,1,50,,tertiary,5,"LINESTRING (12.5172773 55.7864699, 12.5187078 55.7862212, 12.5189210 55.7861842, 12.5191677 55.7861413, 12.5208766 55.7858379, 12.5210988 55.7857985)",auto,1,0,,
Anker Engelunds Vej,142,48963785,104,103,1,251.03,1,50,,tertiary,5,"LINESTRING (12.5210988 55.7857985, 12.5208766 55.7858379, 12.5191677 55.7861413, 12.5189210 55.7861842, 12.5187078 55.7862212, 12.5172773 55.7864699)",auto,1,0,,
Anker Engelunds Vej,143,48963785,104,101,1,52.36,1,50,,tertiary,5,"LINESTRING (12.5210988 55.7857985, 12.5211546 55.7857887, 12.5215250 55.7857236, 12.5218973 55.7856612)",auto,1,0,,
Anker Engelunds Vej,144,48963785,101,104,1,52.36,1,50,,tertiary,5,"LINESTRING (12.5218973 55.7856612, 12.5215250 55.7857236, 12.5211546 55.7857887, 12.5210988 55.7857985)",auto,1,0,,
Lundtoftegårdsvej,145,50639243,105,102,1,315.15,1,50,,tertiary,5,"LINESTRING (12.5273954 55.7876516, 12.5273575 55.7875552, 12.5270235 55.7866888, 12.5269650 55.7865371, 12.5267730 55.7860391, 12.5263773 55.7850130, 12.5263278 55.7848845)",auto,1,0,,
Lundtoftegårdsvej,146,50639243,102,105,1,315.15,1,50,,tertiary,5,"LINESTRING (12.5263278 55.7848845, 12.5263773 55.7850130, 12.5267730 55.7860391, 12.5269650 55.7865371, 12.5270235 55.7866888, 12.5273575 55.7875552, 12.5273954 55.7876516)",auto,1,0,,
Lundtoftegårdsvej,147,50639245,102,106,1,192.9,1,50,,tertiary,5,"LINESTRING (12.5263278 55.7848845, 12.5262964 55.7847984, 12.5259833 55.7838904, 12.5258734 55.7835717, 12.5257170 55.7831859)",auto,1,0,,
Lundtoftegårdsvej,148,50639245,106,102,1,192.9,1,50,,tertiary,5,"LINESTRING (12.5257170 55.7831859, 12.5258734 55.7835717, 12.5259833 55.7838904, 12.5262964 55.7847984, 12.5263278 55.7848845)",auto,1,0,,
Lystoftevej,149,52596262,107,108,1,128.78,,,,residential,6,"LINESTRING (12.5110671 55.7936000, 12.5112740 55.7934060, 12.5114343 55.7932556, 12.5115568 55.7931407, 12.5119185 55.7930486, 12.5120293 55.7930204, 12.5123859 55.7929296, 12.5125712 55.7928991)",auto,1,0,,
Lystoftevej,150,52596262,108,107,1,128.78,,,,residential,6,"LINESTRING (12.5125712 55.7928991, 12.5123859 55.7929296, 12.5120293 55.7930204, 12.5119185 55.7930486, 12.5115568 55.7931407, 12.5114343 55.7932556, 12.5112740 55.7934060, 12.5110671 55.7936000)",auto,1,0,,
Helsingørmotorvejen,151,117882083,109,14,1,296.7,3,110,,motorway,1,"LINESTRING (12.5257549 55.7787000, 12.5267523 55.7813060)",auto,0,0,,
Helsingørmotorvejen,152,121411530,110,100,1,450.56,4,110,,motorway,1,"LINESTRING (12.5309000 55.7929801, 12.5306598 55.7923825, 12.5298041 55.7901300, 12.5293929 55.7890218)",auto,0,0,,
Bygningstorvet,153,143882119,111,112,1,271.68,,,,residential,6,"LINESTRING (12.5238719 55.7892095, 12.5244429 55.7891105, 12.5254031 55.7889440, 12.5253108 55.7887758, 12.5252362 55.7886398, 12.5251567 55.7884948, 12.5250695 55.7883359, 12.5241061 55.7885030, 12.5235395 55.7886012)",auto,1,0,,
Bygningstorvet,154,143882119,112,111,1,271.68,,,,residential,6,"LINESTRING (12.5235395 55.7886012, 12.5241061 55.7885030, 12.5250695 55.7883359, 12.5251567 55.7884948, 12.5252362 55.7886398, 12.5253108 55.7887758, 12.5254031 55.7889440, 12.5244429 55.7891105, 12.5238719 55.7892095)",auto,1,0,,
Asmussens Allé,155,143882122,113,114,1,37.57,,50,,residential,6,"LINESTRING (12.5194578 55.7828214, 12.5196353 55.7831438)",auto,1,0,,
Asmussens Allé,156,143882122,114,113,1,37.57,,50,,residential,6,"LINESTRING (12.5196353 55.7831438, 12.5194578 55.7828214)",auto,1,0,,
Asmussens Allé,157,143882122,114,115,1,212.47,,50,,residential,6,"LINESTRING (12.5196353 55.7831438, 12.5196750 55.7832159, 12.5201539 55.7840856, 12.5203545 55.7844499, 12.5206393 55.7849671)",auto,1,0,,
Asmussens Allé,158,143882122,115,114,1,212.47,,50,,residential,6,"LINESTRING (12.5206393 55.7849671, 12.5203545 55.7844499, 12.5201539 55.7840856, 12.5196750 55.7832159, 12.5196353 55.7831438)",auto,1,0,,
Knuth-Wintherfeldts Allé,159,143882125,101,112,1,343.06,,50,,unclassified,11,"LINESTRING (12.5218973 55.7856612, 12.5219413 55.7857455, 12.5220391 55.7858973, 12.5221310 55.7860558, 12.5222120 55.7861897, 12.5223342 55.7863959, 12.5228677 55.7873720, 12.5232399 55.7880530, 12.5233573 55.7882678, 12.5235395 55.7886012)",auto,1,0,,
Knuth-Wintherfeldts Allé,160,143882125,112,101,1,343.06,,50,,unclassified,11,"LINESTRING (12.5235395 55.7886012, 12.5233573 55.7882678, 12.5232399 55.7880530, 12.5228677 55.7873720, 12.5223342 55.7863959, 12.5222120 55.7861897, 12.5221310 55.7860558, 12.5220391 55.7858973, 12.5219413 55.7857455, 12.5218973 55.7856612)",auto,1,0,,
Knuth-Wintherfeldts Allé,161,143882125,112,111,1,70.84,,50,,unclassified,11,"LINESTRING (12.5235395 55.7886012, 12.5235524 55.7886249, 12.5238485 55.7891667, 12.5238719 55.7892095)",auto,1,0,,
Knuth-Wintherfeldts Allé,162,143882125,111,112,1,70.84,,50,,unclassified,11,"LINESTRING (12.5238719 55.7892095, 12.5238485 55.7891667, 12.5235524 55.7886249, 12.5235395 55.7886012)",auto,1,0,,
Knuth-Wintherfeldts Allé,163,143882125,111,78,1,198.34,,50,,unclassified,11,"LINESTRING (12.5238719 55.7892095, 12.5242309 55.7898663, 12.5242920 55.7899780, 12.5248028 55.7909127)",auto,1,0,,
Knuth-Wintherfeldts Allé,164,143882125,78,111,1,198.34,,50,,unclassified,11,"LINESTRING (12.5248028 55.7909127, 12.5242920 55.7899780, 12.5242309 55.7898663, 12.5238719 55.7892095)",auto,1,0,,
Henrik Dams Allé,165,143884452,116,90,1,335.31,,50,,unclassified,11,"LINESTRING (12.5212995 55.7861625, 12.5215081 55.7865410, 12.5216111 55.7867278, 12.5221127 55.7876376, 12.5222855 55.7879511, 12.5225117 55.7883613, 12.5228857 55.7890397)",auto,1,0,,
Henrik Dams Allé,166,143884452,90,116,1,335.31,,50,,unclassified,11,"LINESTRING (12.5228857 55.7890397, 12.5225117 55.7883613, 12.5222855 55.7879511, 12.5221127 55.7876376, 12.5216111 55.7867278, 12.5215081 55.7865410, 12.5212995 55.7861625)",auto,1,0,,
Henrik Dams Allé,167,143884452,90,79,1,234.62,,50,,unclassified,11,"LINESTRING (12.5228857 55.7890397, 12.5234562 55.7900745, 12.5239957 55.7910529)",auto,1,0,,
Henrik Dams Allé,168,143884452,79,90,1,234.62,,50,,unclassified,11,"LINESTRING (12.5239957 55.7910529, 12.5234562 55.7900745, 12.5228857 55.7890397)",auto,1,0,,
,169,148156075,117,118,1,59.14,,,,unclassified,11,"LINESTRING (12.5161023 55.7807651, 12.5160558 55.7806799, 12.5159881 55.7805530, 12.5159073 55.7804018, 12.5158315 55.7802561)",auto,1,0,,
,170,148156075,118,117,1,59.14,,,,unclassified,11,"LINESTRING (12.5158315 55.7802561, 12.5159073 55.7804018, 12.5159881 55.7805530, 12.5160558 55.7806799, 12.5161023 55.7807651)",auto,1,0,,
Kulsviervej,171,155815605,30,108,1,68.47,,,,tertiary,5,"LINESTRING (12.5126408 55.7935130, 12.5126211 55.7933679, 12.5126020 55.7932270, 12.5125712 55.7928991)",auto,1,0,,
Kulsviervej,172,155815605,108,30,1,68.47,,,,tertiary,5,"LINESTRING (12.5125712 55.7928991, 12.5126020 55.7932270, 12.5126211 55.7933679, 12.5126408 55.7935130)",auto,1,0,,
Kulsviervej,173,155815605,108,64,1,33.2,,,,tertiary,5,"LINESTRING (12.5125712 55.7928991, 12.5125646 55.7926008)",auto,1,0,,
Kulsviervej,174,155815605,64,108,1,33.2,,,,tertiary,5,"LINESTRING (12.5125646 55.7926008, 12.5125712 55.7928991)",auto,1,0,,
Kulsviervej,175,155815605,64,21,1,16.27,,,,tertiary,5,"LINESTRING (12.5125646 55.7926008, 12.5125734 55.7924547)",auto,1,0,,
Kulsviervej,176,155815605,21,64,1,16.27,,,,tertiary,5,"LINESTRING (12.5125734 55.7924547, 12.5125646 55.7926008)",auto,1,0,,
Kulsviervej,177,155815605,21,66,1,40.64,,,,tertiary,5,"LINESTRING (12.5125734 55.7924547, 12.5125888 55.7920896)",auto,1,0,,
Kulsviervej,178,155815605,66,21,1,40.64,,,,tertiary,5,"LINESTRING (12.5125888 55.7920896, 12.5125734 55.7924547)",auto,1,0,,
Kulsviervej,179,155815605,66,68,1,42.32,,,,tertiary,5,"LINESTRING (12.5125888 55.7920896, 12.5126130 55.7917096)",auto,1,0,,
Kulsviervej,180,155815605,68,66,1,42.32,,,,tertiary,5,"LINESTRING (12.5126130 55.7917096, 12.5125888 55.7920896)",auto,1,0,,
Kulsviervej,181,155815605,68,70,1,43.61,,,,tertiary,5,"LINESTRING (12.5126130 55.7917096, 12.5126447 55.7913182)",auto,1,0,,
Kulsviervej,182,155815605,70,68,1,43.61,,,,tertiary,5,"LINESTRING (12.5126447 55.7913182, 12.5126130 55.7917096)",auto,1,0,,
Kulsviervej,183,155815605,70,72,1,42.0,,,,tertiary,5,"LINESTRING (12.5126447 55.7913182, 12.5126665 55.7909410)",auto,1,0,,
Kulsviervej,184,155815605,72,70,1,42.0,,,,tertiary,5,"LINESTRING (12.5126665 55.7909410, 12.5126447 55.7913182)",auto,1,0,,
Kulsviervej,185,155815605,72,74,1,43.02,,,,tertiary,5,"LINESTRING (12.5126665 55.7909410, 12.5127023 55.7905550)",auto,1,0,,
Kulsviervej,186,155815605,74,72,1,43.02,,,,tertiary,5,"LINESTRING (12.5127023 55.7905550, 12.5126665 55.7909410)",auto,1,0,,
Kulsviervej,187,155815605,74,76,1,42.72,,,,tertiary,5,"LINESTRING (12.5127023 55.7905550, 12.5127350 55.7901716)",auto,1,0,,
Kulsviervej,188,155815605,76,74,1,42.72,,,,tertiary,5,"LINESTRING (12.5127350 55.7901716, 12.5127023 55.7905550)",auto,1,0,,
Kulsviervej,189,155815605,76,119,1,44.37,,,,tertiary,5,"LINESTRING (12.5127350 55.7901716, 12.5127692 55.7897734)",auto,1,0,,
Kulsviervej,190,155815605,119,76,1,44.37,,,,tertiary,5,"LINESTRING (12.5127692 55.7897734, 12.5127350 55.7901716)",auto,1,0,,
Elektrovej,191,155979495,7,35,1,139.7,,50,,unclassified,11,"LINESTRING (12.5119563 55.7836693, 12.5123564 55.7836020, 12.5124745 55.7835803, 12.5129799 55.7834875, 12.5138728 55.7833272, 12.5140797 55.7832901)",auto,1,0,,
Elektrovej,192,155979495,35,7,1,139.7,,50,,unclassified,11,"LINESTRING (12.5140797 55.7832901, 12.5138728 55.7833272, 12.5129799 55.7834875, 12.5124745 55.7835803, 12.5123564 55.7836020, 12.5119563 55.7836693)",auto,1,0,,
Elektrovej,193,155979495,35,120,1,182.22,,50,,unclassified,11,"LINESTRING (12.5140797 55.7832901, 12.5143146 55.7832504, 12.5149799 55.7831378, 12.5165443 55.7828726, 12.5168132 55.7828938, 12.5168724 55.7828870)",auto,1,0,,
Elektrovej,194,155979495,120,35,1,182.22,,50,,unclassified,11,"LINESTRING (12.5168724 55.7828870, 12.5168132 55.7828938, 12.5165443 55.7828726, 12.5149799 55.7831378, 12.5143146 55.7832504, 12.5140797 55.7832901)",auto,1,0,,
Koppels Allé,195,155979505,101,121,1,347.62,,50,,residential,6,"LINESTRING (12.5218973 55.7856612, 12.5218646 55.7855762, 12.5213882 55.7846805, 12.5212939 55.7845227, 12.5212132 55.7843655, 12.5207868 55.7835977, 12.5204944 55.7830705, 12.5202751 55.7826750)",auto,1,0,,
Koppels Allé,196,155979505,121,101,1,347.62,,50,,residential,6,"LINESTRING (12.5202751 55.7826750, 12.5204944 55.7830705, 12.5207868 55.7835977, 12.5212132 55.7843655, 12.5212939 55.7845227, 12.5213882 55.7846805, 12.5218646 55.7855762, 12.5218973 55.7856612)",auto,1,0,,
Anker Engelunds Vej,197,156161864,122,12,1,53.57,2,50,,tertiary,5,"LINESTRING (12.5145503 55.7863377, 12.5146576 55.7863290, 12.5150371 55.7863366, 12.5152664 55.7863456, 12.5154017 55.7863543)",auto,0,0,,
Bøgeparken,198,163428607,123,55,1,25.53,,,,residential,6,"LINESTRING (12.5156687 55.7892421, 12.5154872 55.7890368)",auto,1,0,,
Bøgeparken,199,163428607,55,123,1,25.53,,,,residential,6,"LINESTRING (12.5154872 55.7890368, 12.5156687 55.7892421)",auto,1,0,,
Bøgeparken,200,163428607,55,124,1,61.16,,,,residential,6,"LINESTRING (12.5154872 55.7890368, 12.5153987 55.7889367, 12.5153533 55.7888853, 12.5150523 55.7885449)",auto,1,0,,
Bøgeparken,201,163428607,124,55,1,61.16,,,,residential,6,"LINESTRING (12.5150523 55.7885449, 12.5153533 55.7888853, 12.5153987 55.7889367, 12.5154872 55.7890368)",auto,1,0,,
Richard Petersens Plads,202,196200605,120,114,1,236.09,,50,,unclassified,11,"LINESTRING (12.5168724 55.7828870, 12.5169388 55.7830057, 12.5170206 55.7831518, 12.5170818 55.7832612, 12.5170985 55.7832911, 12.5171781 55.7834333, 12.5172532 55.7835676, 12.5173773 55.7835456, 12.5177468 55.7834802, 12.5179580 55.7834429, 12.5179944 55.7834364, 12.5181280 55.7834124, 12.5184350 55.7833577, 12.5196353 55.7831438)",auto,1,0,,
Richard Petersens Plads,203,196200605,114,120,1,236.09,,50,,unclassified,11,"LINESTRING (12.5196353 55.7831438, 12.5184350 55.7833577, 12.5181280 55.7834124, 12.5179944 55.7834364, 12.5179580 55.7834429, 12.5177468 55.7834802, 12.5173773 55.7835456, 12.5172532 55.7835676, 12.5171781 55.7834333, 12.5170985 55.7832911, 12.5170818 55.7832612, 12.5170206 55.7831518, 12.5169388 55.7830057, 12.5168724 55.7828870)",auto,1,0,,
Bøgeparken,204,198659940,54,125,1,53.24,,,,residential,6,"LINESTRING (12.5143851 55.7892407, 12.5143537 55.7891932, 12.5143320 55.7891668, 12.5142920 55.7891120, 12.5140296 55.7888066)",auto,1,0,,
Bøgeparken,205,198659940,125,54,1,53.24,,,,residential,6,"LINESTRING (12.5140296 55.7888066, 12.5142920 55.7891120, 12.5143320 55.7891668, 12.5143537 55.7891932, 12.5143851 55.7892407)",auto,1,0,,
Akademivej,206,198889399,85,87,1,92.52,,50,,residential,6,"LINESTRING (12.5217452 55.7799391, 12.5216719 55.7798143, 12.5216482 55.7797739, 12.5213678 55.7794454, 12.5213274 55.7793915, 12.5212637 55.7793093, 12.5211943 55.7792358, 12.5211458 55.7791809)",auto,1,0,,
Akademivej,207,198889399,87,85,1,92.52,,50,,residential,6,"LINESTRING (12.5211458 55.7791809, 12.5211943 55.7792358, 12.5212637 55.7793093, 12.5213274 55.7793915, 12.5213678 55.7794454, 12.5216482 55.7797739, 12.5216719 55.7798143, 12.5217452 55.7799391)",auto,1,0,,
Lyngvej,208,198889467,126,1,1,62.9,,,,residential,6,"LINESTRING (12.5137529 55.7797507, 12.5134514 55.7802897)",auto,1,0,,
Lyngvej,209,198889467,1,126,1,62.9,,,,residential,6,"LINESTRING (12.5134514 55.7802897, 12.5137529 55.7797507)",auto,1,0,,
Helsingørmotorvejen,210,206256031,99,127,1,108.62,3,,,motorway,1,"LINESTRING (12.5305348 55.7913228, 12.5309000 55.7922768)",auto,0,0,,
Kulsviervej,211,211641057,119,128,1,298.5,1,,,tertiary,5,"LINESTRING (12.5127692 55.7897734, 12.5128284 55.7893927, 12.5128953 55.7891677, 12.5129552 55.7890331, 12.5130448 55.7888316, 12.5131709 55.7886120, 12.5139890 55.7875470, 12.5140805 55.7874245, 12.5141564 55.7873229, 12.5142098 55.7872371)",auto,1,0,,
Kulsviervej,212,211641057,128,119,1,298.5,1,,,tertiary,5,"LINESTRING (12.5142098 55.7872371, 12.5141564 55.7873229, 12.5140805 55.7874245, 12.5139890 55.7875470, 12.5131709 55.7886120, 12.5130448 55.7888316, 12.5129552 55.7890331, 12.5128953 55.7891677, 12.5128284 55.7893927, 12.5127692 55.7897734)",auto,1,0,,
Lundtoftegårdsvej,213,298490301,129,17,1,78.27,1,60,,tertiary,5,"LINESTRING (12.5293120 55.7936000, 12.5291770 55.7929466, 12.5291692 55.7929013)",auto,1,0,,
Lundtoftegårdsvej,214,298490301,17,129,1,78.27,1,60,,tertiary,5,"LINESTRING (12.5291692 55.7929013, 12.5291770 55.7929466, 12.5293120 55.7936000)",auto,1,0,,
Lundtoftegårdsvej,215,298490301,17,130,1,113.39,1,60,,tertiary,5,"LINESTRING (12.5291692 55.7929013, 12.5289847 55.7919938, 12.5289636 55.7918891)",auto,1,0,,
Lundtoftegårdsvej,216,298490301,130,17,1,113.39,1,60,,tertiary,5,"LINESTRING (12.5289636 55.7918891, 12.5289847 55.7919938, 12.5291692 55.7929013)",auto,1,0,,
Akademivej,217,358090699,131,6,1,9.26,1,50,,unclassified,11,"LINESTRING (12.5108089 55.7813845, 12.5106696 55.7814121)",auto,1,0,,
Akademivej,218,358090699,6,131,1,9.26,1,50,,unclassified,11,"LINESTRING (12.5106696 55.7814121, 12.5108089 55.7813845)",auto,1,0,,
Asmussens Allé,219,404404211,132,104,1,28.94,,50,,residential,6,"LINESTRING (12.5209617 55.7855502, 12.5210165 55.7856496, 12.5210397 55.7856918, 12.5210533 55.7857166, 12.5210988 55.7857985)",auto,1,0,,
Asmussens Allé,220,404404211,104,132,1,28.94,,50,,residential,6,"LINESTRING (12.5210988 55.7857985, 12.5210533 55.7857166, 12.5210397 55.7856918, 12.5210165 55.7856496, 12.5209617 55.7855502)",auto,1,0,,
Lundtoftevej,221,407467976,133,134,1,106.79,,,,residential,6,"LINESTRING (12.5205253 55.7925083, 12.5210905 55.7924748, 12.5216768 55.7924399, 12.5217493 55.7924079, 12.5221999 55.7923808)",auto,1,0,,
Lundtoftevej,222,407467976,134,133,1,106.79,,,,residential,6,"LINESTRING (12.5221999 55.7923808, 12.5217493 55.7924079, 12.5216768 55.7924399, 12.5210905 55.7924748, 12.5205253 55.7925083)",auto,1,0,,
Nordvej,223,407467990,80,134,1,107.15,,,,unclassified,11,"LINESTRING (12.5217252 55.7914559, 12.5218388 55.7916772, 12.5220923 55.7921711, 12.5221999 55.7923808)",auto,1,0,,
Nordvej,224,407467990,134,80,1,107.15,,,,unclassified,11,"LINESTRING (12.5221999 55.7923808, 12.5220923 55.7921711, 12.5218388 55.7916772, 12.5217252 55.7914559)",auto,1,0,,
Henrik Dams Allé,225,407971481,104,116,1,42.42,,50,,unclassified,11,"LINESTRING (12.5210988 55.7857985, 12.5211436 55.7858798, 12.5212995 55.7861625)",auto,1,0,,
Henrik Dams Allé,226,407971481,116,104,1,42.42,,50,,unclassified,11,"LINESTRING (12.5212995 55.7861625, 12.5211436 55.7858798, 12.5210988 55.7857985)",auto,1,0,,
Anker Engelunds Vej,227,407994657,103,13,1,97.94,2,50,,tertiary,5,"LINESTRING (12.5172773 55.7864699, 12.5168743 55.7865436, 12.5165593 55.7865583, 12.5165015 55.7865574, 12.5163085 55.7865545, 12.5160859 55.7865417, 12.5157440 55.7865074)",auto,0,0,,
Anker Engelunds Vej,228,407994658,135,103,1,88.15,2,50,,tertiary,5,"LINESTRING (12.5158838 55.7864078, 12.5164171 55.7864670, 12.5166598 55.7864798, 12.5168476 55.7864836, 12.5172773 55.7864699)",auto,0,0,,
Asmussens Allé,229,413376755,115,132,1,67.97,1,50,,residential,6,"LINESTRING (12.5206393 55.7849671, 12.5208417 55.7853317, 12.5208871 55.7854147, 12.5209029 55.7854435, 12.5209617 55.7855502)",auto,1,0,,
Asmussens Allé,230,413376755,132,115,1,67.97,1,50,,residential,6,"LINESTRING (12.5209617 55.7855502, 12.5209029 55.7854435, 12.5208871 55.7854147, 12.5208417 55.7853317, 12.5206393 55.7849671)",auto,1,0,,
Lundtoftevej,231,497238810,13,62,1,92.2,1,50,,tertiary,5,"LINESTRING (12.5157440 55.7865074, 12.5157284 55.7865628, 12.5157010 55.7867147, 12.5156969 55.7868372, 12.5157224 55.7869941, 12.5157330 55.7870149, 12.5158002 55.7871472, 12.5159433 55.7873085)",auto,1,0,,
Lundtoftevej,232,497238810,62,13,1,92.2,1,50,,tertiary,5,"LINESTRING (12.5159433 55.7873085, 12.5158002 55.7871472, 12.5157330 55.7870149, 12.5157224 55.7869941, 12.5156969 55.7868372, 12.5157010 55.7867147, 12.5157284 55.7865628, 12.5157440 55.7865074)",auto,1,0,,
Lundtoftevej,233,497238810,62,60,1,74.64,1,50,,tertiary,5,"LINESTRING (12.5159433 55.7873085, 12.5160302 55.7873881, 12.5161052 55.7874567, 12.5165630 55.7878811)",auto,1,0,,
Lundtoftevej,234,497238810,60,62,1,74.64,1,50,,tertiary,5,"LINESTRING (12.5165630 55.7878811, 12.5161052 55.7874567, 12.5160302 55.7873881, 12.5159433 55.7873085)",auto,1,0,,
Lundtoftevej,235,497238810,60,20,1,106.79,1,50,,tertiary,5,"LINESTRING (12.5165630 55.7878811, 12.5166516 55.7879637, 12.5172023 55.7884773, 12.5174437 55.7887024)",auto,1,0,,
Lundtoftevej,236,497238810,20,60,1,106.79,1,50,,tertiary,5,"LINESTRING (12.5174437 55.7887024, 12.5172023 55.7884773, 12.5166516 55.7879637, 12.5165630 55.7878811)",auto,1,0,,
Lundtoftevej,237,497238810,20,136,1,13.6,1,50,,tertiary,5,"LINESTRING (12.5174437 55.7887024, 12.5175563 55.7888068)",auto,1,0,,
Lundtoftevej,238,497238810,136,20,1,13.6,1,50,,tertiary,5,"LINESTRING (12.5175563 55.7888068, 12.5174437 55.7887024)",auto,1,0,,
Lundtoftevej,239,497238810,136,27,1,126.97,1,50,,tertiary,5,"LINESTRING (12.5175563 55.7888068, 12.5176837 55.7889257, 12.5178192 55.7890522, 12.5181570 55.7893951, 12.5184989 55.7898151)",auto,1,0,,
Lundtoftevej,240,497238810,27,136,1,126.97,1,50,,tertiary,5,"LINESTRING (12.5184989 55.7898151, 12.5181570 55.7893951, 12.5178192 55.7890522, 12.5176837 55.7889257, 12.5175563 55.7888068)",auto,1,0,,
Lundtoftevej,241,497238810,27,137,1,314.89,1,50,,tertiary,5,"LINESTRING (12.5184989 55.7898151, 12.5186406 55.7900045, 12.5190234 55.7905272, 12.5197979 55.7915424, 12.5199956 55.7918156, 12.5200843 55.7919201, 12.5203469 55.7922688, 12.5204617 55.7924192)",auto,1,0,,
Lundtoftevej,242,497238810,137,27,1,314.89,1,50,,tertiary,5,"LINESTRING (12.5204617 55.7924192, 12.5203469 55.7922688, 12.5200843 55.7919201, 12.5199956 55.7918156, 12.5197979 55.7915424, 12.5190234 55.7905272, 12.5186406 55.7900045, 12.5184989 55.7898151)",auto,1,0,,
Anker Engelunds Vej,243,497238811,13,138,1,68.18,2,50,,tertiary,5,"LINESTRING (12.5157440 55.7865074, 12.5152731 55.7864504, 12.5150505 55.7864361, 12.5146690 55.7864346)",auto,0,0,,
Anker Engelunds Vej,244,497238811,138,139,1,6.73,2,50,,tertiary,5,"LINESTRING (12.5146690 55.7864346, 12.5145617 55.7864328)",auto,0,0,,
Lundtoftevej,245,497239793,140,141,1,28.38,3,50,,tertiary,5,"LINESTRING (12.5143724 55.7859661, 12.5144574 55.7862166)",auto,0,0,,
Lundtoftevej,246,497239793,141,142,1,14.56,3,50,,tertiary,5,"LINESTRING (12.5144574 55.7862166, 12.5144872 55.7863463)",auto,0,0,,
Kulsviervej,247,497430170,143,144,1,5.04,2,50,,tertiary,5,"LINESTRING (12.5144885 55.7863893, 12.5144899 55.7864346)",auto,0,0,,
Kulsviervej,248,497430170,144,128,1,91.96,2,50,,tertiary,5,"LINESTRING (12.5144899 55.7864346, 12.5144948 55.7865632, 12.5144595 55.7867784, 12.5143786 55.7869843, 12.5142968 55.7871306, 12.5142098 55.7872371)",auto,0,0,,
Kulsviervej,249,497430173,128,145,1,75.71,2,50,,tertiary,5,"LINESTRING (12.5142098 55.7872371, 12.5142525 55.7870514, 12.5143121 55.7868607, 12.5143477 55.7867098, 12.5143604 55.7865628)",auto,0,0,,
Kulsviervej,250,497430173,145,146,1,13.93,2,50,,tertiary,5,"LINESTRING (12.5143604 55.7865628, 12.5143383 55.7864383)",auto,0,0,,
Granåsen,251,497430176,19,123,1,84.29,,,,residential,6,"LINESTRING (12.5168873 55.7889226, 12.5165834 55.7890044, 12.5163260 55.7890736, 12.5156687 55.7892421)",auto,1,0,,
Granåsen,252,497430176,123,19,1,84.29,,,,residential,6,"LINESTRING (12.5156687 55.7892421, 12.5163260 55.7890736, 12.5165834 55.7890044, 12.5168873 55.7889226)",auto,1,0,,
Granåsen,253,497430176,123,23,1,36.04,,,,residential,6,"LINESTRING (12.5156687 55.7892421, 12.5151393 55.7893682)",auto,1,0,,
Granåsen,254,497430176,23,123,1,36.04,,,,residential,6,"LINESTRING (12.5151393 55.7893682, 12.5156687 55.7892421)",auto,1,0,,
Granåsen,255,497430176,23,119,1,155.45,,,,residential,6,"LINESTRING (12.5151393 55.7893682, 12.5142279 55.7895527, 12.5133593 55.7896909, 12.5132482 55.7897086, 12.5131477 55.7897222, 12.5127692 55.7897734)",auto,1,0,,
Granåsen,256,497430176,119,23,1,155.45,,,,residential,6,"LINESTRING (12.5127692 55.7897734, 12.5131477 55.7897222, 12.5132482 55.7897086, 12.5133593 55.7896909, 12.5142279 55.7895527, 12.5151393 55.7893682)",auto,1,0,,
Granåsen,257,497430176,119,45,1,190.53,,,,residential,6,"LINESTRING (12.5127692 55.7897734, 12.5107678 55.7899678, 12.5106787 55.7899765, 12.5105777 55.7899785, 12.5097807 55.7900775)",auto,1,0,,
Granåsen,258,497430176,45,119,1,190.53,,,,residential,6,"LINESTRING (12.5097807 55.7900775, 12.5105777 55.7899785, 12.5106787 55.7899765, 12.5107678 55.7899678, 12.5127692 55.7897734)",auto,1,0,,
Granåsen,259,497430176,45,147,1,5.24,,,,residential,6,"LINESTRING (12.5097807 55.7900775, 12.5097000 55.7900897)",auto,1,0,,
Granåsen,260,497430176,147,45,1,5.24,,,,residential,6,"LINESTRING (12.5097000 55.7900897, 12.5097807 55.7900775)",auto,1,0,,
Kulsviervænget,261,540388541,25,148,1,12.17,,,,residential,6,"LINESTRING (12.5139152 55.7904936, 12.5139812 55.7905964)",auto,1,0,,
Kulsviervænget,262,540388541,148,25,1,12.17,,,,residential,6,"LINESTRING (12.5139812 55.7905964, 12.5139152 55.7904936)",auto,1,0,,
Bøgeparken,263,540388562,149,58,1,8.94,,,,residential,6,"LINESTRING (12.5149821 55.7869055, 12.5150578 55.7869209, 12.5151183 55.7869129)",auto,1,0,,
Bøgeparken,264,540388562,58,149,1,8.94,,,,residential,6,"LINESTRING (12.5151183 55.7869129, 12.5150578 55.7869209, 12.5149821 55.7869055)",auto,1,0,,
Bøgeparken,265,540388562,58,150,1,31.87,,,,residential,6,"LINESTRING (12.5151183 55.7869129, 12.5152322 55.7868889, 12.5152905 55.7868572, 12.5153013 55.7868259, 12.5152919 55.7866857)",auto,1,0,,
Bøgeparken,266,540388562,150,58,1,31.87,,,,residential,6,"LINESTRING (12.5152919 55.7866857, 12.5153013 55.7868259, 12.5152905 55.7868572, 12.5152322 55.7868889, 12.5151183 55.7869129)",auto,1,0,,
Gyrithe Lemches Vej,267,590562896,10,151,1,42.42,2,50,,tertiary,5,"LINESTRING (12.5134935 55.7864059, 12.5135659 55.7863923, 12.5137764 55.7863825, 12.5139588 55.7863772, 12.5141640 55.7863659)",auto,0,0,,
Gyrithe Lemches Vej,268,590562896,151,152,1,9.88,2,50,,tertiary,5,"LINESTRING (12.5141640 55.7863659, 12.5143209 55.7863576)",auto,0,0,,
Gyrithe Lemches Vej,269,590562896,152,142,1,10.5,2,50,,tertiary,5,"LINESTRING (12.5143209 55.7863576, 12.5144872 55.7863463)",auto,0,0,,
Gyrithe Lemches Vej,270,590562898,146,10,1,53.11,2,50,,tertiary,5,"LINESTRING (12.5143383 55.7864383, 12.5141801 55.7864338, 12.5139280 55.7864278, 12.5137027 55.7864157, 12.5134935 55.7864059)",auto,0,0,,
Lundtoftevej,271,590562901,9,140,1,84.21,2,50,,tertiary,5,"LINESTRING (12.5137348 55.7853095, 12.5139146 55.7854263, 12.5140393 55.7855175, 12.5142126 55.7857201, 12.5143724 55.7859661)",auto,0,0,,
Lundtoftevej,272,590562903,153,152,1,4.77,1,50,,tertiary,5,"LINESTRING (12.5143301 55.7864001, 12.5143209 55.7863576)",auto,0,0,,
Lundtoftevej,273,590562903,152,9,1,123.12,1,50,,tertiary,5,"LINESTRING (12.5143209 55.7863576, 12.5142995 55.7862634, 12.5142901 55.7862294, 12.5142485 55.7860847, 12.5141479 55.7858682, 12.5140661 55.7857461, 12.5139306 55.7855741, 12.5138059 55.7854384, 12.5137348 55.7853095)",auto,0,0,,
Granåsen,274,626994462,136,19,1,43.89,,,,residential,6,"LINESTRING (12.5175563 55.7888068, 12.5171733 55.7888735, 12.5168873 55.7889226)",auto,0,0,,
Rævehøjvej,275,662025861,154,155,1,93.72,,50,,unclassified,11,"LINESTRING (12.5294057 55.7876199, 12.5297250 55.7876169, 12.5298790 55.7876154, 12.5309000 55.7876056)",auto,0,0,,
Rævehøjvej,276,662025862,105,156,1,55.38,1,50,,unclassified,11,"LINESTRING (12.5273954 55.7876516, 12.5281236 55.7876348, 12.5282778 55.7876313)",auto,0,0,,
Rævehøjvej,277,662025865,156,154,1,70.74,1,50,,unclassified,11,"LINESTRING (12.5282778 55.7876313, 12.5294057 55.7876199)",auto,0,0,,
Lundtoftegårdsvej,278,680975521,106,88,1,346.5,1,60,,tertiary,5,"LINESTRING (12.5257170 55.7831859, 12.5254329 55.7824294, 12.5249361 55.7811289, 12.5246781 55.7804535, 12.5245773 55.7801895, 12.5245608 55.7801415)",auto,1,0,,
Lundtoftegårdsvej,279,680975521,88,106,1,346.5,1,60,,tertiary,5,"LINESTRING (12.5245608 55.7801415, 12.5245773 55.7801895, 12.5246781 55.7804535, 12.5249361 55.7811289, 12.5254329 55.7824294, 12.5257170 55.7831859)",auto,1,0,,
Lundtoftegårdsvej,280,680975523,130,77,1,181.65,1,60,,tertiary,5,"LINESTRING (12.5289636 55.7918891, 12.5283936 55.7902888)",auto,1,0,,
Lundtoftegårdsvej,281,680975523,77,130,1,181.65,1,60,,tertiary,5,"LINESTRING (12.5283936 55.7902888, 12.5289636 55.7918891)",auto,1,0,,
Lundtoftegårdsvej,282,680975523,77,157,1,164.07,1,60,,tertiary,5,"LINESTRING (12.5283936 55.7902888, 12.5281596 55.7896645, 12.5278567 55.7888460)",auto,1,0,,
Lundtoftegårdsvej,283,680975523,157,77,1,164.07,1,60,,tertiary,5,"LINESTRING (12.5278567 55.7888460, 12.5281596 55.7896645, 12.5283936 55.7902888)",auto,1,0,,
Lundtoftevej,284,682270693,137,133,1,10.69,1,50,,tertiary,5,"LINESTRING (12.5204617 55.7924192, 12.5205253 55.7925083)",auto,1,0,,
Lundtoftevej,285,682270693,133,137,1,10.69,1,50,,tertiary,5,"LINESTRING (12.5205253 55.7925083, 12.5204617 55.7924192)",auto,1,0,,
Lundtoftevej,286,682270693,133,32,1,67.23,1,50,,tertiary,5,"LINESTRING (12.5205253 55.7925083, 12.5207164 55.7927673, 12.5209266 55.7930684)",auto,1,0,,
Lundtoftevej,287,682270693,32,133,1,67.23,1,50,,tertiary,5,"LINESTRING (12.5209266 55.7930684, 12.5207164 55.7927673, 12.5205253 55.7925083)",auto,1,0,,
Lundtoftevej,288,682270693,32,16,1,35.55,1,50,,tertiary,5,"LINESTRING (12.5209266 55.7930684, 12.5211324 55.7933660)",auto,1,0,,
Lundtoftevej,289,682270693,16,32,1,35.55,1,50,,tertiary,5,"LINESTRING (12.5211324 55.7933660, 12.5209266 55.7930684)",auto,1,0,,
Lundtoftevej,290,682270693,16,158,1,28.07,1,50,,tertiary,5,"LINESTRING (12.5211324 55.7933660, 12.5212995 55.7936000)",auto,1,0,,
Lundtoftevej,291,682270693,158,16,1,28.07,1,50,,tertiary,5,"LINESTRING (12.5212995 55.7936000, 12.5211324 55.7933660)",auto,1,0,,
Lundtoftegårdsvej,292,747852324,157,52,1,127.36,1,50,,tertiary,5,"LINESTRING (12.5278567 55.7888460, 12.5278314 55.7887795, 12.5275358 55.7880007, 12.5274249 55.7877278)",auto,1,0,,
Lundtoftegårdsvej,293,747852324,52,157,1,127.36,1,50,,tertiary,5,"LINESTRING (12.5274249 55.7877278, 12.5275358 55.7880007, 12.5278314 55.7887795, 12.5278567 55.7888460)",auto,1,0,,
Lundtoftegårdsvej,294,747852324,52,105,1,8.68,1,50,,tertiary,5,"LINESTRING (12.5274249 55.7877278, 12.5273954 55.7876516)",auto,1,0,,
Lundtoftegårdsvej,295,747852324,105,52,1,8.68,1,50,,tertiary,5,"LINESTRING (12.5273954 55.7876516, 12.5274249 55.7877278)",auto,1,0,,
Gyrithe Lemches Vej,296,747852325,142,122,1,4.07,2,50,,tertiary,5,"LINESTRING (12.5144872 55.7863463, 12.5145503 55.7863377)",auto,0,0,,
Lundtoftevej,297,747852326,142,143,1,4.79,3,50,,tertiary,5,"LINESTRING (12.5144872 55.7863463, 12.5144885 55.7863893)",auto,0,0,,
Kulsviervej,298,749266323,146,153,1,4.28,2,50,,tertiary,5,"LINESTRING (12.5143383 55.7864383, 12.5143301 55.7864001)",auto,0,0,,
Gyrithe Lemches Vej,299,749266324,144,146,1,9.52,2,50,,tertiary,5,"LINESTRING (12.5144899 55.7864346, 12.5143383 55.7864383)",auto,0,0,,
Gyrithe Lemches Vej,300,749266325,139,144,1,4.51,2,50,,tertiary,5,"LINESTRING (12.5145617 55.7864328, 12.5144899 55.7864346)",auto,0,0,,
Poppelhegnet,301,800169394,5,2,1,114.81,,50,,residential,6,"LINESTRING (12.5098724 55.7804693, 12.5106395 55.7800633, 12.5109023 55.7799518, 12.5112966 55.7798306)",auto,1,0,,
Poppelhegnet,302,800169394,2,5,1,114.81,,50,,residential,6,"LINESTRING (12.5112966 55.7798306, 12.5109023 55.7799518, 12.5106395 55.7800633, 12.5098724 55.7804693)",auto,1,0,,
Akademivej,303,852535085,159,117,1,58.38,1,50,,unclassified,11,"LINESTRING (12.5169931 55.7806130, 12.5169355 55.7806236, 12.5164671 55.7807042, 12.5161023 55.7807651)",auto,1,0,,
Akademivej,304,852535085,117,159,1,58.38,1,50,,unclassified,11,"LINESTRING (12.5161023 55.7807651, 12.5164671 55.7807042, 12.5169355 55.7806236, 12.5169931 55.7806130)",auto,1,0,,
Akademivej,305,852535085,117,83,1,42.69,1,50,,unclassified,11,"LINESTRING (12.5161023 55.7807651, 12.5154544 55.7808827)",auto,1,0,,
Akademivej,306,852535085,83,117,1,42.69,1,50,,unclassified,11,"LINESTRING (12.5154544 55.7808827, 12.5161023 55.7807651)",auto,1,0,,
Akademivej,307,852535085,83,48,1,115.79,1,50,,unclassified,11,"LINESTRING (12.5154544 55.7808827, 12.5151186 55.7809402, 12.5146298 55.7810239, 12.5142870 55.7810875, 12.5140262 55.7811186, 12.5136703 55.7811335)",auto,1,0,,
Akademivej,308,852535085,48,83,1,115.79,1,50,,unclassified,11,"LINESTRING (12.5136703 55.7811335, 12.5140262 55.7811186, 12.5142870 55.7810875, 12.5146298 55.7810239, 12.5151186 55.7809402, 12.5154544 55.7808827)",auto,1,0,,
Akademivej,309,852535085,48,33,1,88.7,1,50,,unclassified,11,"LINESTRING (12.5136703 55.7811335, 12.5126352 55.7811213, 12.5124705 55.7811261, 12.5122589 55.7811443)",auto,1,0,,
Akademivej,310,852535085,33,48,1,88.7,1,50,,unclassified,11,"LINESTRING (12.5122589 55.7811443, 12.5124705 55.7811261, 12.5126352 55.7811213, 12.5136703 55.7811335)",auto,1,0,,
Akademivej,311,852535085,33,131,1,94.8,1,50,,unclassified,11,"LINESTRING (12.5122589 55.7811443, 12.5114715 55.7812694, 12.5110115 55.7813513, 12.5108089 55.7813845)",auto,1,0,,
Akademivej,312,852535085,131,33,1,94.8,1,50,,unclassified,11,"LINESTRING (12.5108089 55.7813845, 12.5110115 55.7813513, 12.5114715 55.7812694, 12.5122589 55.7811443)",auto,1,0,,
Anker Engelunds Vej,313,902469006,12,135,1,30.81,2,50,,tertiary,5,"LINESTRING (12.5154017 55.7863543, 12.5158838 55.7864078)",auto,0,0,,
Lundtoftevej,314,902469007,13,135,1,14.13,1,50,,tertiary,5,"LINESTRING (12.5157440 55.7865074, 12.5158838 55.7864078)",auto,0,0,,
Akademivej,315,925857378,160,159,1,70.16,,50,,unclassified,11,"LINESTRING (12.5180630 55.7804290, 12.5169931 55.7806130)",auto,1,0,,
Akademivej,316,925857378,159,160,1,70.16,,50,,unclassified,11,"LINESTRING (12.5169931 55.7806130, 12.5180630 55.7804290)",auto,1,0,,
Akademivej,317,1040061566,85,161,1,100.31,,50,,unclassified,11,"LINESTRING (12.5217452 55.7799391, 12.5208027 55.7801069, 12.5206885 55.7801272, 12.5202196 55.7802094)",auto,1,0,,
Akademivej,318,1040061566,161,85,1,100.31,,50,,unclassified,11,"LINESTRING (12.5202196 55.7802094, 12.5206885 55.7801272, 12.5208027 55.7801069, 12.5217452 55.7799391)",auto,1,0,,
